SECTOR;SEDE_NOMBRE;D31;D40;D46;D31xpeso;D40xpeso;D46xpeso;Indicador_ecas;PUNT_GLOBAL;indicador_icfes;Indicador_rss11
No Oficial;CENTRO DE INTEGRACION EDUCATIVA DEL NORTE - C;0.4167;0.4250;0.3639;0.1389;0.1417;0.1213;0.4018;246.0366;0.4921;0.4470
No Oficial;CENTRO EDUCATIVO INTEGRAL COLSUBSIDIO CHICALA;0.4242;0.7227;0.4530;0.1413;0.2407;0.1509;0.5328;253.8000;0.5076;0.5202
No Oficial;CENTRO EDUCATIVO LOMBARDIA;0.4857;0.8486;0.4871;0.1617;0.2826;0.1622;0.6065;272.4552;0.5449;0.5757
No Oficial;CENTRO EDUCATIVO LOS ANDES;0.4630;0.8037;0.4815;0.1542;0.2676;0.1603;0.5821;256.9032;0.5138;0.5480
No Oficial;CENTRO EDUCATIVO SAN LUIS GONZAGA FE Y ALEGRIA;0.4750;0.8550;0.4900;0.1582;0.2847;0.1632;0.6061;269.7283;0.5395;0.5728
No Oficial;CENTRO MARIA AUXILIADORA;0.4143;0.6686;0.4400;0.1380;0.2226;0.1465;0.5071;244.3361;0.4887;0.4979
No Oficial;CHILDRENS VISION INTERNATIONAL INC - FUND COL;0.5000;0.9000;0.5000;0.1665;0.2997;0.1665;0.6327;261.6709;0.5233;0.5780
No Oficial;COL MARIA INMACULADA;0.4423;0.8308;0.4846;0.1473;0.2766;0.1614;0.5853;283.5476;0.5671;0.5762
No Oficial;COLEGIO AGUSTINIANO CIUDAD SALITRE;0.4571;0.8486;0.4886;0.1522;0.2826;0.1627;0.5975;284.5172;0.5690;0.5833
No Oficial;COLEGIO AGUSTINIANO TAGASTE;0.4250;0.8325;0.4825;0.1415;0.2772;0.1607;0.5794;275.6457;0.5513;0.5654
No Oficial;COLEGIO ALAFAS DEL NORTE;0.3583;0.6900;0.4400;0.1193;0.2298;0.1465;0.4956;230.5588;0.4611;0.4784
No Oficial;COLEGIO ANTONIO NARINO HH. CORAZONISTAS;0.4615;0.8769;0.4949;0.1537;0.2920;0.1648;0.6105;263.5351;0.5271;0.5688
No Oficial;COLEGIO BENPOSTA NACION DE MUCHACHOS;0.4286;0.7071;0.4429;0.1427;0.2355;0.1475;0.5257;254.9111;0.5098;0.5177
No Oficial;COLEGIO BILINGE NUEVA ALEJANDRIA;0.3333;0.8250;0.4833;0.1110;0.2747;0.1610;0.5467;273.8686;0.5477;0.5472
No Oficial;COLEGIO BILINGUE SAN JUAN DE AVILA;0.4000;0.5400;0.4200;0.1332;0.1798;0.1399;0.4529;263.3306;0.5267;0.4898
No Oficial;COLEGIO CAFAM;0.4550;0.7622;0.4658;0.1515;0.2538;0.1551;0.5604;255.1927;0.5104;0.5354
No Oficial;COLEGIO CAMPESTRE MAXIMINO POITIERS;0.4808;0.7442;0.4654;0.1601;0.2478;0.1550;0.5629;265.8609;0.5317;0.5473
No Oficial;COLEGIO CARLOS V;0.4545;0.6955;0.4409;0.1514;0.2316;0.1468;0.5298;268.1696;0.5363;0.5331
No Oficial;COLEGIO CIUDAD DE CALI;0.4559;0.6632;0.4382;0.1518;0.2209;0.1459;0.5186;277.4818;0.5550;0.5368
No Oficial;COLEGIO CLARETIANO;0.4339;0.6917;0.4471;0.1445;0.2303;0.1489;0.5237;258.9508;0.5179;0.5208
No Oficial;COLEGIO CLAUSTRO MODERNO;0.4545;0.7218;0.4600;0.1514;0.2404;0.1532;0.5449;276.9658;0.5539;0.5494
No Oficial;COLEGIO COFRATERNIDAD DE SAN FERNANDO;0.4844;0.5063;0.3875;0.1613;0.1686;0.1290;0.4589;291.2464;0.5825;0.5207
No Oficial;COLEGIO COLOMBO BOLIVIANO;0.3158;0.3789;0.3474;0.1052;0.1262;0.1157;0.3470;321.0806;0.6422;0.4946
No Oficial;COLEGIO COLOMBO INTERNACIONAL ACOINPREV;0.5000;0.7517;0.4690;0.1665;0.2503;0.1562;0.5730;290.2857;0.5806;0.5768
No Oficial;COLEGIO COLOMBO JAPONES;0.4667;0.4200;0.3600;0.1554;0.1399;0.1199;0.4151;282.6737;0.5653;0.4902
No Oficial;COLEGIO COLSUBSIDIO CIUDADELA;0.4375;0.9000;0.5000;0.1457;0.2997;0.1665;0.6119;266.9444;0.5339;0.5729
No Oficial;COLEGIO COLSUBSIDIO NORTE;0.5000;0.8743;0.4914;0.1665;0.2911;0.1636;0.6213;312.8889;0.6258;0.6235
No Oficial;COLEGIO COOPERATIVO DE LOS ALAMOS;0.4714;0.7200;0.4486;0.1570;0.2398;0.1494;0.5461;252.5455;0.5051;0.5256
No Oficial;COLEGIO COOPERATIVO DEL MAGISTERIO DE CUNDINA;0.4250;0.3150;0.3550;0.1415;0.1049;0.1182;0.3646;272.5172;0.5450;0.4548
No Oficial;COLEGIO COOPERATIVO NUEVO MUZU;0.4889;0.8600;0.4911;0.1628;0.2864;0.1635;0.6127;256.6933;0.5134;0.5631
No Oficial;COLEGIO COOPERATIVO VENECIA;0.4875;0.9000;0.5000;0.1623;0.2997;0.1665;0.6285;266.9130;0.5338;0.5812
No Oficial;COLEGIO DE EDUCACION TECNICA Y ACADEMICA CELE;0.4759;0.7207;0.4538;0.1585;0.2400;0.1511;0.5496;308.0833;0.6162;0.5829
No Oficial;COLEGIO DE FORMACION INTEGRAL MUNDO NUEVO;0.3125;0.4542;0.3917;0.1041;0.1512;0.1304;0.3857;345.9435;0.6919;0.5388
No Oficial;COLEGIO DE FORMACION INTEGRAL VIRGEN DE LA PE;0.5000;0.8357;0.4786;0.1665;0.2783;0.1594;0.6042;329.1504;0.6583;0.6312
No Oficial;COLEGIO DE LA PRESENTACION LUNA PARK;0.4435;0.7113;0.4548;0.1477;0.2369;0.1515;0.5360;287.3889;0.5748;0.5554
No Oficial;COLEGIO DE LA UNIVERSIDAD LIBRE;0.4632;0.8735;0.4926;0.1543;0.2909;0.1641;0.6092;349.4590;0.6989;0.6541
No Oficial;COLEGIO DE LOS ANGELES;0.4583;0.5250;0.4083;0.1526;0.1748;0.1360;0.4634;282.9818;0.5660;0.5147
No Oficial;COLEGIO DE NUESTRA SEORA DEL PILAR CHAPINERO;0.4444;0.4333;0.3704;0.1480;0.1443;0.1233;0.4156;246.0000;0.4920;0.4538
No Oficial;COLEGIO DE NUESTRA SEORA DEL PILAR SUR;0.4000;0.9000;0.5000;0.1332;0.2997;0.1665;0.5994;342.6111;0.6852;0.6423
No Oficial;COLEGIO DEL ROSARIO CAMPESTRE;0.3889;0.8500;0.4833;0.1295;0.2831;0.1610;0.5735;323.0822;0.6462;0.6098
No Oficial;COLEGIO EL ESCORIAL;0.4643;0.5500;0.4286;0.1546;0.1832;0.1427;0.4805;313.1250;0.6263;0.5534
No Oficial;COLEGIO EL MINUTO DE DIOS;0.4338;0.7927;0.4728;0.1444;0.2640;0.1575;0.5659;275.1074;0.5502;0.5580
No Oficial;COLEGIO EL MINUTO DE DIOS SIGLO XXI;0.4342;0.8526;0.4895;0.1446;0.2839;0.1630;0.5915;276.0741;0.5521;0.5718
No Oficial;COLEGIO ESCLAVAS SAGRADO CORAZON DE JESUS;0.4219;0.8719;0.4938;0.1405;0.2903;0.1644;0.5952;295.1193;0.5902;0.5927
No Oficial;COLEGIO EXTERNADO SAGRADO CORAZON;0.4655;0.6828;0.4448;0.1550;0.2274;0.1481;0.5305;254.6512;0.5093;0.5199
No Oficial;COLEGIO FERVAN;0.4487;0.7385;0.4641;0.1494;0.2459;0.1545;0.5499;282.6071;0.5652;0.5575
No Oficial;COLEGIO FUNDACION COLOMBIA;0.4630;0.5333;0.4000;0.1542;0.1776;0.1332;0.4650;268.5076;0.5370;0.5010
No Oficial;COLEGIO GEORGE WASHINGTON SCHOOL;0.4527;0.6324;0.4392;0.1508;0.2106;0.1463;0.5076;267.4510;0.5349;0.5213
No Oficial;COLEGIO GEORGE WILLIAMS;0.4750;0.8100;0.4750;0.1582;0.2697;0.1582;0.5861;292.5688;0.5851;0.5856
No Oficial;COLEGIO GIMNASIO CACERES E U;0.4556;0.6300;0.4278;0.1517;0.2098;0.1425;0.5039;326.8571;0.6537;0.5788
No Oficial;COLEGIO GIMNASIO ROMANO MIXTO;0.4286;0.0286;0.3571;0.1427;0.0095;0.1189;0.2712;258.8211;0.5176;0.3944
No Oficial;COLEGIO GIOVANNI PASCOLI;0.4792;0.8292;0.4875;0.1596;0.2761;0.1623;0.5980;263.5000;0.5270;0.5625
No Oficial;COLEGIO GUSTAVO ROJAS PINILLA;0.5000;0.9000;0.5000;0.1665;0.2997;0.1665;0.6327;287.6923;0.5754;0.6040
No Oficial;COLEGIO HENRY WALLON;0.4444;0.2000;0.3222;0.1480;0.0666;0.1073;0.3219;249.0800;0.4982;0.4100
No Oficial;COLEGIO HERMANOS BELTRAN;0.5000;0.8143;0.4810;0.1665;0.2712;0.1602;0.5978;331.8756;0.6638;0.6308
No Oficial;COLEGIO HOGAR DE NAZARETH;0.4648;0.8493;0.4859;0.1548;0.2828;0.1618;0.5994;285.5845;0.5712;0.5853
No Oficial;COLEGIO INGLATERRA REAL DE CHAPINERO;0.4545;0.4091;0.3682;0.1514;0.1362;0.1226;0.4102;326.8333;0.6537;0.5319
No Oficial;COLEGIO INTERAMERICANO;0.5000;0.7400;0.5000;0.1665;0.2464;0.1665;0.5794;275.9404;0.5519;0.5657
No Oficial;COLEGIO JAIME QUIJANO CABALLERO;0.4231;0.5538;0.4038;0.1409;0.1844;0.1345;0.4598;258.0106;0.5160;0.4879
No Oficial;COLEGIO JONATHAN SWIFT;0.4808;0.8308;0.4846;0.1601;0.2766;0.1614;0.5981;303.9189;0.6078;0.6030
No Oficial;COLEGIO JOSE ALLAMANO;0.3962;0.7811;0.4736;0.1319;0.2601;0.1577;0.5498;282.0217;0.5640;0.5569
No Oficial;COLEGIO JOSE JOAQUIN VARGAS;0.4839;0.8419;0.4839;0.1611;0.2804;0.1611;0.6026;278.6600;0.5573;0.5800
No Oficial;COLEGIO JOSE MANUEL MARROQUIN;0.4583;0.8625;0.4917;0.1526;0.2872;0.1637;0.6036;291.3514;0.5827;0.5931
No Oficial;COLEGIO LA NUEVA ESTANCIA;0.4661;0.8847;0.4949;0.1552;0.2946;0.1648;0.6146;290.9188;0.5818;0.5982
No Oficial;COLEGIO LORENZO DE ALCANTUZ;0.3452;0.3857;0.3500;0.1150;0.1284;0.1166;0.3600;301.2222;0.6024;0.4812
No Oficial;COLEGIO LUIS MARIANO;0.4429;0.7457;0.4571;0.1475;0.2483;0.1522;0.5480;276.4885;0.5530;0.5505
No Oficial;COLEGIO LUTERANO SAN LUCAS;0.4853;0.8735;0.4941;0.1616;0.2909;0.1645;0.6170;314.8804;0.6298;0.6234
No Oficial;COLEGIO MANDALAY;0.4400;0.8280;0.4800;0.1465;0.2757;0.1598;0.5821;323.3232;0.6466;0.6144
No Oficial;COLEGIO MARILLAC;0.4070;0.7744;0.4674;0.1355;0.2579;0.1557;0.5491;318.8889;0.6378;0.5934
No Oficial;COLEGIO MAYOR PRIMEROS MAESTROS;0.4722;0.5500;0.4000;0.1573;0.1832;0.1332;0.4736;316.9140;0.6338;0.5537
No Oficial;COLEGIO MIGUEL ANGEL ASTURIAS;0.5000;0.8710;0.4903;0.1665;0.2900;0.1633;0.6198;309.6477;0.6193;0.6196
No Oficial;COLEGIO MILITAR SIMON BOLIVAR;0.4898;0.6245;0.4306;0.1631;0.2080;0.1434;0.5145;319.8788;0.6398;0.5771
No Oficial;COLEGIO MIXTO CIUDADANOS DEL FUTURO;0.4740;0.7708;0.4688;0.1578;0.2567;0.1561;0.5706;277.2418;0.5545;0.5625
No Oficial;COLEGIO MODERNO ENGATIVA;0.4286;0.7393;0.4607;0.1427;0.2462;0.1534;0.5423;282.7000;0.5654;0.5539
No Oficial;COLEGIO MONTFERRI;0.4444;0.7500;0.4611;0.1480;0.2498;0.1536;0.5513;265.4286;0.5309;0.5411
No Oficial;COLEGIO NEIL ARMSTRONG;0.4800;0.5760;0.4160;0.1598;0.1918;0.1385;0.4902;316.9660;0.6339;0.5621
No Oficial;COLEGIO NUESTRA SEORA DE LA PAZ;0.4783;0.7435;0.4609;0.1593;0.2476;0.1535;0.5603;322.4828;0.6450;0.6026
No Oficial;COLEGIO NUESTRA SEORA DE LA SABIDURIA;0.4348;0.8217;0.4826;0.1448;0.2736;0.1607;0.5791;304.9569;0.6099;0.5945
No Oficial;COLEGIO NUESTRA SEORA DE NAZARETH;0.4464;0.8196;0.4804;0.1487;0.2729;0.1600;0.5816;314.3188;0.6286;0.6051
No Oficial;COLEGIO NUEVA CIENCIA;0.4744;0.8308;0.4846;0.1580;0.2766;0.1614;0.5960;253.4574;0.5069;0.5514
No Oficial;COLEGIO NUEVA YORK E.U.;0.4917;0.8283;0.4883;0.1637;0.2758;0.1626;0.6022;261.8077;0.5236;0.5629
No Oficial;COLEGIO NUEVO SAN LUIS GONZAGA;0.4286;0.8571;0.4905;0.1427;0.2854;0.1633;0.5915;285.0769;0.5702;0.5808
No Oficial;COLEGIO PAE - PROCESO ALTERNATIVO EDUCATIVO;0.5000;0.6474;0.4351;0.1665;0.2156;0.1449;0.5270;285.1280;0.5703;0.5486
No Oficial;COLEGIO PARROQUIAL DEL INMACULADO CORAZON DE;0.4833;0.6000;0.4233;0.1610;0.1998;0.1410;0.5017;302.5510;0.6051;0.5534
No Oficial;COLEGIO PARROQUIAL SAN JOSE DE FONTIBON;0.4386;0.6158;0.4316;0.1461;0.2051;0.1437;0.4948;326.9655;0.6539;0.5744
No Oficial;COLEGIO PARROQUIAL SAN LUIS GONZAGA;0.5000;0.8727;0.4909;0.1665;0.2906;0.1635;0.6206;320.6557;0.6413;0.6310
No Oficial;COLEGIO PEDAGOGICO DEL ESPIRITU SANTO - COPES;0.4667;0.7000;0.4467;0.1554;0.2331;0.1487;0.5372;296.6596;0.5933;0.5653
No Oficial;COLEGIO PEDAGOGICO DULCE MARIA;0.4551;0.8308;0.4833;0.1516;0.2766;0.1610;0.5892;306.3182;0.6126;0.6009
No Oficial;COLEGIO PSICOPEDAGOGICO LA ACACIA LTDA;0.4766;0.8297;0.4813;0.1587;0.2763;0.1603;0.5952;243.8000;0.4876;0.5414
No Oficial;COLEGIO PSICOPEDAGOGICO VILLA MAYOR;0.4643;0.7500;0.4619;0.1546;0.2498;0.1538;0.5582;267.1176;0.5342;0.5462
No Oficial;COLEGIO REAL DE BOGOTA;0.5000;0.8000;0.4778;0.1665;0.2664;0.1591;0.5920;283.7059;0.5674;0.5797
No Oficial;COLEGIO REMBRANDT;0.4375;0.8156;0.4813;0.1457;0.2716;0.1603;0.5775;254.7586;0.5095;0.5435
No Oficial;COLEGIO ROMULO GALLEGOS;0.4833;0.6600;0.4400;0.1610;0.2198;0.1465;0.5273;283.6667;0.5673;0.5473
No Oficial;COLEGIO SAGRADO CORAZON;0.4730;0.8270;0.4811;0.1575;0.2754;0.1602;0.5931;275.8438;0.5517;0.5724
No Oficial;COLEGIO SALESIANO JUAN DEL RIZZO;0.4783;0.6261;0.4261;0.1593;0.2085;0.1419;0.5096;296.7912;0.5936;0.5516
No Oficial;COLEGIO SAN ANGEL;0.4750;0.8550;0.4900;0.1582;0.2847;0.1632;0.6061;298.8750;0.5978;0.6019
No Oficial;COLEGIO SAN ANGEL SALITRE;0.4423;0.6231;0.4308;0.1473;0.2075;0.1434;0.4982;290.3286;0.5807;0.5394
No Oficial;COLEGIO SAN BONIFACIO;0.4583;0.6900;0.4417;0.1526;0.2298;0.1471;0.5295;281.8378;0.5637;0.5466
No Oficial;COLEGIO SAN FELIPE NERI;0.4167;0.3900;0.3733;0.1388;0.1299;0.1243;0.3929;316.4762;0.6330;0.5129
No Oficial;COLEGIO SAN JUAN BOSCO;0.5000;0.8556;0.5000;0.1665;0.2849;0.1665;0.6179;319.7405;0.6395;0.6287
No Oficial;COLEGIO SAN NICOLAS DE TOLENTINO;0.4737;0.8053;0.4789;0.1577;0.2682;0.1595;0.5854;286.5789;0.5732;0.5793
No Oficial;COLEGIO SAN PATRICIO;0.4286;0.5786;0.4214;0.1427;0.1927;0.1403;0.4757;287.6538;0.5753;0.5255
No Oficial;COLEGIO SAN SIMON;0.4565;0.6652;0.4478;0.1520;0.2215;0.1491;0.5227;276.7108;0.5534;0.5380
No Oficial;COLEGIO SAN VIATOR;0.5000;0.9000;0.5000;0.1665;0.2997;0.1665;0.6327;293.1204;0.5862;0.6095
No Oficial;COLEGIO SANTA ISABEL DE HUNGRIA;0.4400;0.6940;0.4490;0.1465;0.2311;0.1495;0.5271;269.9342;0.5399;0.5335
No Oficial;COLEGIO SANTA ROSA DE LIMA;0.4583;0.8250;0.4750;0.1526;0.2747;0.1582;0.5855;252.2059;0.5044;0.5450
No Oficial;COLEGIO SANTA TERESITA;0.4444;0.4333;0.3704;0.1480;0.1443;0.1233;0.4156;265.8387;0.5317;0.4737
No Oficial;COLEGIO SANTO TOMAS DE AQUINO;0.5000;0.6300;0.4400;0.1665;0.2098;0.1465;0.5228;272.0000;0.5440;0.5334
No Oficial;COLEGIO SUMAPAZ;0.4737;0.6632;0.4316;0.1577;0.2208;0.1437;0.5223;302.5161;0.6050;0.5637
No Oficial;COLEGIO SURORIENTAL PANAMERICANO;0.4524;0.3429;0.3571;0.1506;0.1142;0.1189;0.3837;278.2041;0.5564;0.4701
No Oficial;COLEGIO TOMAS ALVA EDISON;0.4500;0.6300;0.4400;0.1499;0.2098;0.1465;0.5062;302.3714;0.6047;0.5555
No Oficial;COLEGIO WINCHESTER;0.4259;0.6333;0.4333;0.1418;0.2109;0.1443;0.4970;284.7188;0.5694;0.5332
No Oficial;COLEGIO YERMO Y PARRES;0.2955;0.6545;0.4409;0.0984;0.2180;0.1468;0.4632;276.2444;0.5525;0.5078
No Oficial;EXTERNADO DEL SUR PSICOPEDAGOGICO;0.3478;0.5087;0.3957;0.1158;0.1694;0.1318;0.4170;288.8345;0.5777;0.4973
No Oficial;EXTERNADO PORFIRIO BARBA JACOB;0.5000;0.9000;0.5000;0.1665;0.2997;0.1665;0.6327;273.8805;0.5478;0.5902
No Oficial;FUNDACION EDUCACIONAL ANA RESTREPO DEL CORRAL;0.4821;0.6750;0.4571;0.1606;0.2248;0.1522;0.5376;268.5000;0.5370;0.5373
No Oficial;FUNDACION INSTITUTO TECNOLOGICO DEL SUR;0.4225;0.6211;0.4254;0.1407;0.2068;0.1416;0.4892;288.5273;0.5771;0.5331
No Oficial;GIMNASIO BOYACA;0.3214;0.3893;0.3679;0.1070;0.1296;0.1225;0.3592;259.2963;0.5186;0.4389
No Oficial;GIMNASIO CECIL REDDIE;0.4630;0.5667;0.4148;0.1542;0.1887;0.1381;0.4810;290.3939;0.5808;0.5309
No Oficial;GIMNASIO COMERCIAL LOS ANDES;0.4545;0.1636;0.3364;0.1514;0.0545;0.1120;0.3179;305.0405;0.6101;0.4640
No Oficial;GIMNASIO DEL CORAZON DE MARIA;0.4423;0.9000;0.5000;0.1473;0.2997;0.1665;0.6135;293.0000;0.5860;0.5997
No Oficial;GIMNASIO EL LAGO;0.3750;0.8438;0.4875;0.1249;0.2810;0.1623;0.5682;284.3200;0.5686;0.5684
No Oficial;GIMNASIO FRANCISCANO DE SUBA;0.4375;0.7875;0.4667;0.1457;0.2622;0.1554;0.5633;340.6557;0.6813;0.6223
No Oficial;GIMNASIO GENERACION DEL FUTURO;0.4833;0.3900;0.3733;0.1610;0.1299;0.1243;0.4151;253.9189;0.5078;0.4615
No Oficial;GIMNASIO GRANADINO;0.5000;0.9000;0.5000;0.1665;0.2997;0.1665;0.6327;307.0000;0.6140;0.6234
No Oficial;GIMNASIO INGLES CAMPESTRE;0.4643;0.7071;0.4429;0.1546;0.2355;0.1475;0.5376;296.0972;0.5922;0.5649
No Oficial;GIMNASIO LA CAMPIA;0.4412;0.4235;0.3647;0.1469;0.1410;0.1214;0.4094;295.6111;0.5912;0.5003
No Oficial;GIMNASIO LOS ALERCES;0.3784;0.3892;0.3730;0.1260;0.1296;0.1242;0.3798;293.0508;0.5861;0.4830
No Oficial;GIMNASIO LOS ANGELES;0.5000;0.5192;0.4077;0.1665;0.1729;0.1358;0.4752;290.7952;0.5816;0.5284
No Oficial;GIMNASIO LOS ARRAYANES;0.4636;0.5727;0.4255;0.1544;0.1907;0.1417;0.4868;301.7333;0.6035;0.5451
No Oficial;GIMNASIO LOS CIPRESES;0.4167;0.9000;0.5000;0.1388;0.2997;0.1665;0.6050;289.8813;0.5798;0.5924
No Oficial;GIMNASIO LOS MONJES;0.4923;0.9000;0.5000;0.1639;0.2997;0.1665;0.6301;274.4267;0.5489;0.5895
No Oficial;GIMNASIO LOS PINOS;0.5000;0.6500;0.4444;0.1665;0.2165;0.1480;0.5310;317.7105;0.6354;0.5832
No Oficial;GIMNASIO MIXTO MANUEL DEL SOCORRO RODRIGUEZ;0.4688;0.6750;0.4417;0.1561;0.2248;0.1471;0.5279;266.2857;0.5326;0.5303
No Oficial;GIMNASIO MODERNO SUMMERHILL;0.4884;0.8372;0.4814;0.1626;0.2788;0.1603;0.6017;266.0320;0.5321;0.5669
No Oficial;GIMNASIO MONTREAL;0.4310;0.6517;0.4379;0.1435;0.2170;0.1458;0.5064;279.9910;0.5600;0.5332
No Oficial;GIMNASIO PEDAGOGICO NUESTRA SENORA DE FATIMA;0.5000;0.9000;0.5000;0.1665;0.2997;0.1665;0.6327;278.9940;0.5580;0.5953
No Oficial;GIMNASIO PSICOPEDAGOGICO MARIA ISABEL;0.4412;0.6353;0.4412;0.1469;0.2116;0.1469;0.5054;297.3866;0.5948;0.5501
No Oficial;GIMNASIO REAL AMERICANO;0.4559;0.5029;0.3971;0.1518;0.1675;0.1322;0.4515;265.3000;0.5306;0.4911
No Oficial;GIMNASIO SAN JOSE;0.4600;0.7560;0.4720;0.1532;0.2517;0.1572;0.5621;276.3200;0.5526;0.5574
No Oficial;GIMNASIO SANTA MARIA DEL ALCAZAR;0.4318;0.0636;0.4182;0.1438;0.0212;0.1393;0.3042;288.4891;0.5770;0.4406
No Oficial;GIMNASIO SANTA ROCIO;0.5000;0.8151;0.4792;0.1665;0.2714;0.1596;0.5975;286.4737;0.5729;0.5852
No Oficial;GIMNASIO TUNDAMA;0.4390;0.8122;0.4780;0.1462;0.2705;0.1592;0.5758;287.3077;0.5746;0.5752
No Oficial;INSTITUTO CEMODEN;0.3958;0.7500;0.4667;0.1318;0.2498;0.1554;0.5370;302.6337;0.6053;0.5711
No Oficial;INSTITUTO COMERCIAL EDUARDO TORRES QUINTERO;0.4375;0.7313;0.4625;0.1457;0.2435;0.1540;0.5432;300.3258;0.6007;0.5719
No Oficial;INSTITUTO COOPERATIVO DE CANAPRO;0.4121;0.7418;0.4670;0.1372;0.2470;0.1555;0.5398;299.8243;0.5996;0.5697
No Oficial;INSTITUTO DE INTEGRACION CULTURAL IDIC;0.4634;0.7902;0.4732;0.1543;0.2632;0.1576;0.5750;290.2683;0.5805;0.5778
No Oficial;INSTITUTO HENAO Y ARRUBLA;0.4474;0.8053;0.4737;0.1490;0.2682;0.1577;0.5749;347.6875;0.6954;0.6351
No Oficial;INSTITUTO INFANTIL Y JUVENIL;0.3958;0.4667;0.4292;0.1318;0.1554;0.1429;0.4301;306.6667;0.6133;0.5217
No Oficial;INSTITUTO LABERINTO DE LA CULTURA;0.5000;0.5400;0.4000;0.1665;0.1798;0.1332;0.4795;336.3458;0.6727;0.5761
No Oficial;INSTITUTO MAYEUTICO;0.4574;0.6511;0.4383;0.1523;0.2168;0.1460;0.5151;286.7385;0.5735;0.5443
No Oficial;INSTITUTO MILITAR ANTONIO RICAURTE;0.4444;0.3333;0.3519;0.1480;0.1110;0.1172;0.3762;285.0000;0.5700;0.4731
No Oficial;INSTITUTO NAZARENO MODELIA;0.4167;0.4500;0.3944;0.1388;0.1499;0.1314;0.4200;269.9500;0.5399;0.4799
No Oficial;INSTITUTO PEDAGOGICO PARA EL DESARROLLO INTEG;0.4545;0.7773;0.4682;0.1514;0.2588;0.1559;0.5661;326.6044;0.6532;0.6097
No Oficial;INSTITUTO RENATO DESCARTES;0.4355;0.3194;0.3355;0.1450;0.1063;0.1117;0.3631;282.2190;0.5644;0.4638
No Oficial;INSTITUTO SAN FRANCISCO;0.4483;0.6828;0.4379;0.1493;0.2274;0.1458;0.5225;298.6620;0.5973;0.5599
No Oficial;INSTITUTO TECNICO COLOMBO SUECO;0.4417;0.6450;0.4317;0.1471;0.2148;0.1437;0.5056;258.1429;0.5163;0.5109
No Oficial;INSTITUTO TECNICO COMERCIAL MARMATOS;0.4688;0.5625;0.4125;0.1561;0.1873;0.1374;0.4808;249.2969;0.4986;0.4897
No Oficial;INSTITUTO TOMAS DE IRIARTE;0.4583;0.9000;0.5000;0.1526;0.2997;0.1665;0.6188;253.5976;0.5072;0.5630
No Oficial;LICEO  SANTA TERESITA DE LISIEUX;0.5000;0.4500;0.4000;0.1665;0.1499;0.1332;0.4496;297.2449;0.5945;0.5220
No Oficial;LICEO ALFREDO NOBEL;0.4625;0.9000;0.5000;0.1540;0.2997;0.1665;0.6202;275.4524;0.5509;0.5856
No Oficial;LICEO ANTONIO DE TOLEDO;0.4278;0.6211;0.4311;0.1425;0.2068;0.1436;0.4928;297.8764;0.5958;0.5443
No Oficial;LICEO AVENIDA LAS AMERICAS;0.4355;0.8710;0.4935;0.1450;0.2900;0.1644;0.5994;257.6098;0.5152;0.5573
No Oficial;LICEO CAMPESTRE CAFAM;0.4000;0.6000;0.4267;0.1332;0.1998;0.1421;0.4751;250.8231;0.5016;0.4884
No Oficial;LICEO CIUDAD CAPITAL;0.4958;0.7856;0.4653;0.1651;0.2616;0.1549;0.5816;276.4673;0.5529;0.5673
No Oficial;LICEO CONTADORA;0.4333;0.5700;0.4200;0.1443;0.1898;0.1399;0.4740;263.8830;0.5278;0.5009
No Oficial;LICEO CULTURAL ERNESTO GUHL;0.4000;0.3000;0.3333;0.1332;0.0999;0.1110;0.3441;247.8649;0.4957;0.4199
No Oficial;LICEO CULTURAL LAS AMERICAS;0.4516;0.6968;0.4516;0.1504;0.2320;0.1504;0.5328;246.8993;0.4938;0.5133
No Oficial;LICEO CULTURAL LOPEZ OSORIO;0.4556;0.6067;0.4281;0.1517;0.2020;0.1426;0.4963;280.7156;0.5614;0.5289
No Oficial;LICEO CULTURAL LUIS ENRIQUE OSORIO;0.5000;0.7975;0.4925;0.1665;0.2656;0.1640;0.5961;274.8627;0.5497;0.5729
No Oficial;LICEO DE CERVANTES EL RETIRO;0.4881;0.6643;0.4381;0.1625;0.2212;0.1459;0.5296;244.6788;0.4894;0.5095
No Oficial;LICEO DE CIENCIA Y CULTURA HARVARD;0.4808;0.8654;0.4923;0.1601;0.2882;0.1639;0.6122;269.4138;0.5388;0.5755
No Oficial;LICEO DEL CARIBE;0.5000;0.9000;0.5000;0.1665;0.2997;0.1665;0.6327;267.8794;0.5358;0.5842
No Oficial;LICEO ECOLOGICO DEL NORTE;0.4167;0.5000;0.4167;0.1388;0.1665;0.1388;0.4440;270.0417;0.5401;0.4920
No Oficial;LICEO EL CASTILLO;0.4000;0.5850;0.4225;0.1332;0.1948;0.1407;0.4687;280.3026;0.5606;0.5147
No Oficial;LICEO EL ENCANTO;0.3947;0.6632;0.4368;0.1314;0.2208;0.1455;0.4977;268.3775;0.5368;0.5173
No Oficial;LICEO EL GRAN VIRREY;0.4286;0.6000;0.4238;0.1427;0.1998;0.1411;0.4836;273.6965;0.5474;0.5155
No Oficial;LICEO GLOBERTH MIXTO;0.4589;0.8260;0.4822;0.1528;0.2751;0.1606;0.5885;292.9891;0.5860;0.5872
No Oficial;LICEO HERMANO MIGUEL LA SALLE;0.4706;0.7147;0.4559;0.1567;0.2380;0.1518;0.5465;257.7944;0.5156;0.5311
No Oficial;LICEO INFANTIL BILINGE PILISIMOS;0.4545;0.8182;0.4818;0.1514;0.2725;0.1604;0.5843;269.7500;0.5395;0.5619
No Oficial;LICEO JUAN RAMON JIMENEZ;0.4245;0.7132;0.4585;0.1414;0.2375;0.1527;0.5315;287.3043;0.5746;0.5531
No Oficial;LICEO LA ESPAOLA GABRIEL ANZOLA GOMEZ;0.4474;0.6632;0.4474;0.1490;0.2208;0.1490;0.5188;253.4301;0.5069;0.5128
No Oficial;LICEO LA NUEVA ESTANCIA DE SUBA;0.4660;0.7553;0.4680;0.1552;0.2515;0.1558;0.5625;262.0668;0.5241;0.5433
No Oficial;LICEO LATINOAMERICANO;0.4348;0.6261;0.4304;0.1448;0.2085;0.1433;0.4966;258.5735;0.5171;0.5069
No Oficial;LICEO MAYOR ANDINO;0.4470;0.6545;0.4379;0.1488;0.2180;0.1458;0.5126;277.2569;0.5545;0.5336
No Oficial;LICEO MIXTO LOS CENTAUROS;0.4333;0.6600;0.4333;0.1443;0.2198;0.1443;0.5084;270.0000;0.5400;0.5242
No Oficial;LICEO MODERNO LEON BAEZ;0.4462;0.6231;0.4292;0.1486;0.2075;0.1429;0.4990;262.4466;0.5249;0.5119
No Oficial;LICEO MODERNO WALT WHITMAN;0.3421;0.6632;0.4421;0.1139;0.2208;0.1472;0.4820;262.0769;0.5242;0.5031
No Oficial;LICEO NAVARRA;0.3684;0.6632;0.4421;0.1227;0.2208;0.1472;0.4907;287.9453;0.5759;0.5333
No Oficial;LICEO NORMANDIA;0.4828;0.4966;0.4138;0.1608;0.1654;0.1378;0.4639;285.9811;0.5720;0.5179
No Oficial;LICEO NUESTRA SEORA DE LAS NIEVES;0.4643;0.7607;0.4655;0.1546;0.2533;0.1550;0.5629;291.6178;0.5832;0.5731
No Oficial;LICEO NUESTRA SEORA DE TORCOROMA;0.5000;0.9000;0.5000;0.1665;0.2997;0.1665;0.6327;263.7899;0.5276;0.5801
No Oficial;LICEO NUEVOS HORIZONTES;0.4638;0.7826;0.4696;0.1544;0.2606;0.1564;0.5714;257.6000;0.5152;0.5433
No Oficial;LICEO PARROQUIAL SAN GREGORIO MAGNO;0.4783;0.5478;0.4217;0.1593;0.1824;0.1404;0.4821;266.1667;0.5323;0.5072
No Oficial;LICEO PARROQUIAL SAN JOSE;0.5000;0.6333;0.5000;0.1665;0.2109;0.1665;0.5439;268.8702;0.5377;0.5408
No Oficial;LICEO PEDAGOGICO;0.4722;0.6500;0.4333;0.1573;0.2165;0.1443;0.5180;249.4044;0.4988;0.5084
No Oficial;LICEO PIEROS CORTES;0.3889;0.5500;0.4056;0.1295;0.1832;0.1351;0.4477;258.9071;0.5178;0.4828
No Oficial;LICEO PSICOPEDAGOGICO ANGELI;0.4286;0.9000;0.5000;0.1427;0.2997;0.1665;0.6089;311.8451;0.6237;0.6163
No Oficial;LICEO PSICOPEDAGOGICO BOLIVIA;0.4444;0.7000;0.4481;0.1480;0.2331;0.1492;0.5303;279.8571;0.5597;0.5450
No Oficial;LICEO PSICOPEDAGOGICO NUEVA CASTILLA;0.4773;0.8182;0.4773;0.1589;0.2725;0.1589;0.5903;264.7917;0.5296;0.5600
No Oficial;LICEO PSICOPEDAGOGICO TIBABITA;0.3913;0.5870;0.4391;0.1303;0.1955;0.1462;0.4720;296.6154;0.5932;0.5326
No Oficial;LICEO REYNEL;0.4574;0.8234;0.4809;0.1523;0.2742;0.1601;0.5866;318.8495;0.6377;0.6122
No Oficial;LICEO SALOMON SABIO;0.4762;0.6429;0.4381;0.1586;0.2141;0.1459;0.5185;276.6000;0.5532;0.5359
No Oficial;LICEO SAN BASILIO MAGNO;0.4242;0.7909;0.4697;0.1413;0.2634;0.1564;0.5611;268.4167;0.5368;0.5489
No Oficial;LICEO SANTA BERNARDITA;0.3571;0.7393;0.4571;0.1189;0.2462;0.1522;0.5173;289.2727;0.5785;0.5479
No Oficial;LICEO SIGLO XXI;0.4107;0.7393;0.4571;0.1368;0.2462;0.1522;0.5352;314.4545;0.6289;0.5820
No Oficial;LICEO TECNICO MICROEMPRESARIAL FEYSER GORDILL;0.4630;0.7333;0.4519;0.1542;0.2442;0.1505;0.5488;287.9143;0.5758;0.5623
No Oficial;NUEVO LICEO GRANADINO;0.4773;0.6955;0.4409;0.1589;0.2316;0.1468;0.5373;293.0769;0.5862;0.5617
Oficial;AGUSTIN FERNANDEZ;0.4911;0.5482;0.4071;0.1635;0.1826;0.1356;0.4817;272.0678;0.5441;0.5129
Oficial;AGUSTIN NIETO CABALLERO;0.4767;0.8163;0.4767;0.1588;0.2718;0.1588;0.5893;309.8081;0.6196;0.6045
Oficial;ALEJANDRO OBREGON;0.4677;0.4065;0.3581;0.1558;0.1353;0.1192;0.4103;283.0000;0.5660;0.4882
Oficial;ALEMANIA;0.4342;0.5211;0.3947;0.1446;0.1735;0.1314;0.4496;301.3273;0.6027;0.5261
Oficial;ALFONSO REYES ECHANDIA;0.4688;0.6975;0.4463;0.1561;0.2323;0.1486;0.5370;329.0636;0.6581;0.5975
Oficial;ALTAMIRA SURORIENTAL;0.4167;0.5357;0.4048;0.1388;0.1784;0.1348;0.4519;318.5893;0.6372;0.5446
Oficial;ALVARO GOMEZ HURTADO;0.4385;0.7892;0.4754;0.1460;0.2628;0.1583;0.5671;310.1111;0.6202;0.5937
Oficial;ANTONIA SANTOS;0.4844;0.9000;0.5000;0.1613;0.2997;0.1665;0.6275;318.2308;0.6365;0.6320
Oficial;ANTONIO JOSE DE SUCRE;0.4884;0.7116;0.4488;0.1626;0.2370;0.1495;0.5491;296.1400;0.5923;0.5707
Oficial;ANTONIO NARINO;0.4595;0.6595;0.4432;0.1530;0.2196;0.1476;0.5202;288.5882;0.5772;0.5487
Oficial;ANTONIO VILLAVICENCIO;0.4412;0.5824;0.4059;0.1469;0.1939;0.1352;0.4760;298.0976;0.5962;0.5361
Oficial;AQUILEO PARRA;0.4659;0.7159;0.4545;0.1551;0.2384;0.1514;0.5449;297.9459;0.5959;0.5704
Oficial;ATABANZHA;0.4545;0.7636;0.4606;0.1514;0.2543;0.1534;0.5590;304.0625;0.6081;0.5836
Oficial;BENJAMIN HERRERA;0.4259;0.5667;0.4111;0.1418;0.1887;0.1369;0.4674;321.1961;0.6424;0.5549
Oficial;BERNARDO JARAMILLO;0.4355;0.6387;0.4290;0.1450;0.2127;0.1429;0.5006;294.0250;0.5881;0.5443
Oficial;BOSANOVA;0.4459;0.5108;0.3919;0.1485;0.1701;0.1305;0.4491;310.5455;0.6211;0.5351
Oficial;BRAVO PAEZ;0.4728;0.6467;0.4413;0.1575;0.2154;0.1470;0.5198;278.2917;0.5566;0.5382
Oficial;BRITALIA;0.4459;0.6703;0.4446;0.1485;0.2232;0.1481;0.5198;235.9643;0.4719;0.4958
Oficial;CARLOS ARANGO VELEZ;0.4783;0.5870;0.4174;0.1593;0.1955;0.1390;0.4937;249.8119;0.4996;0.4967
Oficial;CEDID SAN PABLO BOSA;0.4444;0.6343;0.4324;0.1480;0.2112;0.1440;0.5032;257.8095;0.5156;0.5094
Oficial;CENTRO DE ESTUDIOS DEL NINO;0.4688;0.5344;0.3938;0.1561;0.1779;0.1311;0.4652;270.2720;0.5405;0.5029
Oficial;CHIRCALES;0.4570;0.6469;0.4297;0.1522;0.2154;0.1431;0.5107;266.3889;0.5328;0.5217
Oficial;CLEMENCIA DE CAYCEDO;0.4310;0.5276;0.4000;0.1435;0.1757;0.1332;0.4524;279.7193;0.5594;0.5059
Oficial;CLEMENCIA HOLGUIN DE URDANETA;0.5000;0.7125;0.4458;0.1665;0.2373;0.1485;0.5522;253.7475;0.5075;0.5299
Oficial;COLEGIO ARGELIA - BANCO POPULAR;0.5000;0.5914;0.4229;0.1665;0.1969;0.1408;0.5043;300.6250;0.6013;0.5528
Oficial;COLEGIO CAFAM LA ESPERANZA;0.4545;0.4909;0.3879;0.1514;0.1635;0.1292;0.4440;261.3333;0.5227;0.4833
Oficial;COLEGIO CAFAM SANTA LUCIA;0.4310;0.6672;0.4397;0.1435;0.2222;0.1464;0.5121;316.2947;0.6326;0.5724
Oficial;COLEGIO CARLOS PIZARRO LEON GOMEZ;0.4638;0.6065;0.4246;0.1544;0.2020;0.1414;0.4978;235.5313;0.4711;0.4844
Oficial;COLEGIO CIUDAD DE BOGOTA;0.4329;0.7793;0.4683;0.1442;0.2595;0.1559;0.5596;275.3357;0.5507;0.5551
Oficial;COLEGIO COLSUBSIDIO LAS MERCEDES;0.4355;0.5516;0.4129;0.1450;0.1837;0.1375;0.4662;303.1515;0.6063;0.5363
Oficial;COLEGIO COLSUBSIDIO NUEVA ROMA;0.4648;0.6718;0.4380;0.1548;0.2237;0.1459;0.5244;286.4225;0.5728;0.5486
Oficial;COLEGIO COLSUBSIDIO SAN CAYETANO;0.4583;0.6750;0.4417;0.1526;0.2248;0.1471;0.5245;312.3556;0.6247;0.5746
Oficial;COLEGIO DON BOSCO IV;0.4658;0.7855;0.4684;0.1551;0.2616;0.1560;0.5726;293.4000;0.5868;0.5797
Oficial;COLEGIO DON BOSCO V;0.4423;0.6462;0.4385;0.1473;0.2152;0.1460;0.5085;293.2000;0.5864;0.5474
Oficial;COLEGIO ELISA BORRERO DE PASTRANA;0.5000;0.9000;0.5000;0.1665;0.2997;0.1665;0.6327;278.2857;0.5566;0.5946
Oficial;COLEGIO ESCUELA NACIONAL DE COMERCIO I.E.D.;0.4107;0.8036;0.4679;0.1368;0.2676;0.1558;0.5602;283.0417;0.5661;0.5631
Oficial;COLEGIO EXTERNADO NACIONAL CAMILO TORRES (IED;0.4808;0.7269;0.4500;0.1601;0.2421;0.1499;0.5520;332.0364;0.6641;0.6080
Oficial;COLEGIO FE Y ALEGRIA JOSE MARIA VELAZ;0.4722;0.4000;0.3722;0.1573;0.1332;0.1240;0.4144;325.6117;0.6512;0.5328
Oficial;COLEGIO FEMENINO LORENCITA VILLEGAS DE SANTOS I.E.D.;0.4250;0.7650;0.4700;0.1415;0.2547;0.1565;0.5528;312.0000;0.6240;0.5884
Oficial;COLEGIO LA GIRALDA;0.4632;0.6750;0.4412;0.1543;0.2248;0.1469;0.5259;290.1212;0.5802;0.5531
Oficial;COLEGIO LA LIBERTAD - SANTIAGO DE LAS ATALAYA;0.4595;0.8270;0.4811;0.1530;0.2754;0.1602;0.5886;235.8611;0.4717;0.5302
Oficial;COLEGIO LLANO ORIENTAL I.E.D.;0.4789;0.6972;0.4479;0.1595;0.2322;0.1491;0.5408;291.2595;0.5825;0.5616
Oficial;COLEGIO NUEVO SAN ANDRES DE LOS ALTOS;0.4885;0.7241;0.4517;0.1627;0.2411;0.1504;0.5542;282.5000;0.5650;0.5596
Oficial;COLEGIO REPUBLICA DE COLOMBIA INSTITUCION EDUCATIVA DISTRITAL;0.4578;0.5325;0.4096;0.1525;0.1773;0.1364;0.4662;298.8462;0.5977;0.5319
Oficial;COLEGIO ROBERT FRANCIS KENNEDY;0.4070;0.5442;0.4140;0.1355;0.1812;0.1378;0.4546;271.4600;0.5429;0.4988
Oficial;COLEGIO RODOLFO LLINAS;0.4107;0.8036;0.4750;0.1368;0.2676;0.1582;0.5625;266.8250;0.5337;0.5481
Oficial;COLEGIO SIMON BOLIVAR;0.4714;0.8743;0.4914;0.1570;0.2911;0.1636;0.6118;287.5765;0.5752;0.5935
Oficial;COLEGIO SORRENTO INSTITUCION EDUCATIVA DISTRITAL;0.4479;0.7219;0.4547;0.1492;0.2404;0.1514;0.5410;261.4333;0.5229;0.5319
Oficial;COLEGIO TECNICO TOMAS RUEDA VARGAS (I.E.D.);0.4628;0.6851;0.4479;0.1541;0.2281;0.1491;0.5314;256.2062;0.5124;0.5219
Oficial;COMPARTIR MEISSEN (KR 18T);0.4808;0.6962;0.4500;0.1601;0.2318;0.1499;0.5418;256.0628;0.5121;0.5269
Oficial;CRISTOBAL COLON (SERVITA);0.4815;0.4000;0.3685;0.1603;0.1332;0.1227;0.4163;252.3611;0.5047;0.4605
Oficial;DARIO ECHANDIA;0.4706;0.7412;0.4559;0.1567;0.2468;0.1518;0.5553;270.7387;0.5415;0.5484
Oficial;DELIA ZAPATA OLIVELLA;0.4202;0.6126;0.4235;0.1399;0.2040;0.1410;0.4849;274.9328;0.5499;0.5174
Oficial;DIANA TURBAY;0.4839;0.4935;0.4000;0.1611;0.1644;0.1332;0.4587;248.0943;0.4962;0.4774
Oficial;DISTRITAL CHARRY;0.4695;0.6037;0.4171;0.1563;0.2010;0.1389;0.4963;271.5179;0.5430;0.5196
Oficial;DOMINGO FAUSTINO SARMIENTO;0.4183;0.7183;0.4500;0.1393;0.2392;0.1499;0.5283;257.5641;0.5151;0.5217
Oficial;EDUARDO SANTOS;0.4516;0.5806;0.4097;0.1504;0.1934;0.1364;0.4802;258.1930;0.5164;0.4983
Oficial;EDUARDO UMANA MENDOZA;0.4682;0.7536;0.4618;0.1559;0.2510;0.1538;0.5607;277.1963;0.5544;0.5575
Oficial;EL JAZMIN;0.4600;0.6840;0.4400;0.1532;0.2278;0.1465;0.5275;290.0829;0.5802;0.5538
Oficial;EL LIBERTADOR;0.5000;0.7871;0.4710;0.1665;0.2621;0.1568;0.5854;249.7748;0.4995;0.5425
Oficial;EL REMANSO;0.4000;0.3960;0.3600;0.1332;0.1319;0.1199;0.3849;261.1600;0.5223;0.4536
Oficial;EL RODEO;0.4091;0.6273;0.4364;0.1362;0.2089;0.1453;0.4904;275.5250;0.5511;0.5207
Oficial;EL SALITRE;0.4762;0.7286;0.4524;0.1586;0.2426;0.1506;0.5518;250.9818;0.5020;0.5269
Oficial;ENRIQUE OLAYA HERRERA;0.4690;0.6703;0.4407;0.1562;0.2232;0.1467;0.5261;255.9679;0.5119;0.5190
Oficial;ESCUELA NORMAL SUPERIOR DISTRITAL MARIA MONTESSORI;0.4651;0.7605;0.4612;0.1549;0.2532;0.1536;0.5617;282.3075;0.5646;0.5632
Oficial;ESTANISLAO ZULETA;0.4722;0.6000;0.4167;0.1573;0.1998;0.1388;0.4958;270.3161;0.5406;0.5182
Oficial;FERNANDO GONZALEZ OCHOA;0.3966;0.5586;0.4000;0.1321;0.1860;0.1332;0.4513;270.2687;0.5405;0.4959
Oficial;FERNANDO MAZUERA VILLEGAS;0.5000;0.8393;0.4929;0.1665;0.2795;0.1641;0.6101;246.6549;0.4933;0.5517
Oficial;FLORENTINO GONZALEZ;0.4527;0.6811;0.4392;0.1508;0.2268;0.1463;0.5238;278.1678;0.5563;0.5401
Oficial;FLORIDABLANCA;0.4821;0.7071;0.4500;0.1606;0.2355;0.1499;0.5459;244.1210;0.4882;0.5171
Oficial;FRANCISCO DE MIRANDA;0.4500;0.7800;0.4667;0.1499;0.2597;0.1554;0.5650;268.5655;0.5371;0.5511
Oficial;FRANCISCO DE PAULA SANTANDER;0.4310;0.7293;0.4517;0.1435;0.2429;0.1504;0.5368;312.0870;0.6242;0.5805
Oficial;FRANCISCO JAVIER MATIZ;0.4773;0.4500;0.3818;0.1589;0.1499;0.1271;0.4359;299.8171;0.5996;0.5178
Oficial;FRANCISCO JOSE DE CALDAS;0.4661;0.6788;0.4449;0.1552;0.2260;0.1482;0.5294;281.0538;0.5621;0.5458
Oficial;GARCES NAVAS No. 3;0.4516;0.6129;0.4258;0.1504;0.2041;0.1418;0.4963;297.4182;0.5948;0.5456
Oficial;GENERAL PAEZ;0.4746;0.7322;0.4559;0.1580;0.2438;0.1518;0.5537;324.0638;0.6481;0.6009
Oficial;GENERAL SANTANDER;0.4508;0.6443;0.4317;0.1501;0.2145;0.1438;0.5084;268.9010;0.5378;0.5231
Oficial;GERARDO MOLINA RAMIREZ;0.4427;0.6000;0.4438;0.1474;0.1998;0.1478;0.4950;278.2235;0.5564;0.5257
Oficial;GERARDO PAREDES MARTINEZ;0.4626;0.7664;0.4654;0.1541;0.2552;0.1550;0.5642;274.4706;0.5489;0.5566
Oficial;GERMAN ARCINIEGAS;0.4737;0.8053;0.4789;0.1577;0.2682;0.1595;0.5854;293.8261;0.5877;0.5865
Oficial;GIMNASIO MILITAR FUERZA AEREA DE COLOMBIA;0.4590;0.7377;0.4590;0.1529;0.2457;0.1529;0.5514;263.1415;0.5263;0.5388
Oficial;GRAN COLOMBIANO;0.4825;0.8684;0.4912;0.1607;0.2892;0.1636;0.6134;269.0351;0.5381;0.5757
Oficial;GUACAMAYAS;0.4412;0.5824;0.4059;0.1469;0.1939;0.1352;0.4760;330.2571;0.6605;0.5683
Oficial;GUILLERMO CANO ISAZA;0.4706;0.7729;0.4671;0.1567;0.2574;0.1555;0.5696;294.6444;0.5893;0.5795
Oficial;GUILLERMO LEON VALENCIA;0.5000;0.8591;0.4864;0.1665;0.2861;0.1620;0.6145;282.5254;0.5651;0.5898
Oficial;GUSTAVO MORALES MORALES;0.3913;0.6652;0.4261;0.1303;0.2215;0.1419;0.4937;335.8333;0.6717;0.5827
Oficial;GUSTAVO RESTREPO IED;0.5000;0.7167;0.4667;0.1665;0.2387;0.1554;0.5606;296.6087;0.5932;0.5769
Oficial;HELADIA MEJIA HIJOS DE EDUCADORES;0.4111;0.4800;0.4000;0.1369;0.1598;0.1332;0.4299;272.9412;0.5459;0.4879
Oficial;INSTITUCION EDUCATIVA DINDALITO;0.4861;0.7542;0.4750;0.1619;0.2511;0.1582;0.5712;258.4706;0.5169;0.5441
Oficial;INSTITUTO DE BACHILLERATO INTEGRAL IDIPRON;0.4821;0.4500;0.3714;0.1606;0.1499;0.1237;0.4341;304.9538;0.6099;0.5220
Oficial;INSTITUTO DE COMERCIO MANUELA BELTRAN;0.4722;0.7875;0.4708;0.1573;0.2622;0.1568;0.5763;278.4688;0.5569;0.5666
Oficial;INSTITUTO PEDAGOGICO ARTURO RAMIREZ MONTUFAR;0.4800;0.3240;0.3680;0.1598;0.1079;0.1225;0.3903;328.1894;0.6564;0.5233
Oficial;INSTITUTO PEDAGOGICO NACIONAL;0.4826;0.5756;0.4186;0.1607;0.1917;0.1394;0.4918;309.3750;0.6188;0.5553
Oficial;ISLA DEL SOL;0.4653;0.6327;0.4218;0.1550;0.2107;0.1405;0.5061;354.9024;0.7098;0.6079
Oficial;JOHN F KENNEDY;0.4394;0.4909;0.3818;0.1463;0.1635;0.1271;0.4369;292.5882;0.5852;0.5111
Oficial;JORGE ELIECER GAITAN;0.4508;0.5902;0.4164;0.1501;0.1965;0.1387;0.4853;268.3258;0.5367;0.5110
Oficial;JOSE ANTONIO GALAN;0.4786;0.5657;0.4100;0.1594;0.1884;0.1365;0.4843;321.5455;0.6431;0.5637
Oficial;JOSE FELIX RESTREPO;0.4236;0.7500;0.4569;0.1411;0.2498;0.1522;0.5430;298.4127;0.5968;0.5699
Oficial;JOSE FRANCISCO SOCARRAS;0.4800;0.5850;0.4120;0.1598;0.1948;0.1372;0.4918;277.8571;0.5557;0.5238
Oficial;JOSE JOAQUIN CASTRO MARTINEZ;0.5000;0.4308;0.4051;0.1665;0.1434;0.1349;0.4449;260.6500;0.5213;0.4831
Oficial;JOSE MARIA CORDOBA;0.4375;0.6188;0.4219;0.1457;0.2060;0.1405;0.4922;278.8000;0.5576;0.5249
Oficial;JUAN DEL CORRAL;0.4783;0.7826;0.4696;0.1593;0.2606;0.1564;0.5762;373.7250;0.7475;0.6618
Oficial;JUAN EVANGELISTA GOMEZ;0.4381;0.6686;0.4295;0.1459;0.2226;0.1430;0.5116;277.9362;0.5559;0.5337
Oficial;JUAN FRANCISCO BERBEO;0.4833;0.8700;0.4900;0.1610;0.2897;0.1632;0.6138;289.8357;0.5797;0.5968
Oficial;JUAN REY;0.4205;0.5318;0.3977;0.1400;0.1771;0.1324;0.4496;335.5455;0.6711;0.5603
Oficial;JUANA ESCOBAR;0.4783;0.8022;0.4739;0.1593;0.2671;0.1578;0.5842;280.0870;0.5602;0.5722
Oficial;JULIO FLOREZ;0.4429;0.6714;0.4486;0.1475;0.2236;0.1494;0.5204;293.9259;0.5879;0.5541
Oficial;KENNEDY;0.4512;0.5073;0.4451;0.1503;0.1689;0.1482;0.4674;287.9600;0.5759;0.5217
Oficial;KIMI PERNIA DOMICO;0.4300;0.4860;0.3860;0.1432;0.1618;0.1285;0.4336;283.7500;0.5675;0.5005
Oficial;LA AGUADITA;0.4483;0.4345;0.3759;0.1493;0.1447;0.1252;0.4191;277.1000;0.5542;0.4867
Oficial;LA AURORA;0.4663;0.6876;0.4438;0.1553;0.2290;0.1478;0.5321;272.0000;0.5440;0.5380
Oficial;LA BELLEZA;0.4750;0.7200;0.4550;0.1582;0.2398;0.1515;0.5495;295.0250;0.5901;0.5698
Oficial;LA ESTANCIA;0.4497;0.5151;0.3937;0.1497;0.1715;0.1311;0.4524;296.0000;0.5920;0.5222
Oficial;LA MERCED;0.4088;0.7182;0.4493;0.1361;0.2392;0.1496;0.5249;273.6176;0.5472;0.5361
Oficial;LA NUEVA GAITANA;0.4627;0.5910;0.4224;0.1541;0.1968;0.1407;0.4915;281.2647;0.5625;0.5270
Oficial;LA TOSCANA;0.4579;0.6063;0.4158;0.1525;0.2019;0.1385;0.4928;314.6842;0.6294;0.5611
Oficial;LA VICTORIA;0.4486;0.6473;0.4247;0.1494;0.2155;0.1414;0.5063;284.4276;0.5689;0.5376
Oficial;LAUREANO GOMEZ;0.4773;0.6487;0.4325;0.1589;0.2160;0.1440;0.5190;314.8276;0.6297;0.5743
Oficial;LEON DE GREIFF;0.4643;0.5786;0.4143;0.1546;0.1927;0.1380;0.4852;274.2424;0.5485;0.5169
Oficial;LEONARDO POSADA PEDRAZA;0.4608;0.7951;0.4765;0.1534;0.2648;0.1587;0.5769;238.0357;0.4761;0.5265
Oficial;LICEO DEL EJERCITO PATRIA SECTOR SUR C (SANTA;0.4474;0.8579;0.5000;0.1490;0.2857;0.1665;0.6012;286.6000;0.5732;0.5872
Oficial;LOS PERIODISTAS;0.4745;0.6990;0.4459;0.1580;0.2328;0.1485;0.5393;251.2222;0.5024;0.5209
Oficial;LOS PINOS;0.4048;0.2143;0.3238;0.1348;0.0714;0.1078;0.3140;296.4035;0.5928;0.4534
Oficial;LUIS CARLOS GALAN SARMIENTO;0.4655;0.5276;0.4138;0.1550;0.1757;0.1378;0.4685;252.8873;0.5058;0.4871
Oficial;LUIS LOPEZ DE MESA;0.4341;0.5538;0.4066;0.1445;0.1844;0.1354;0.4644;280.9812;0.5620;0.5132
Oficial;MAGDALENA ORTEGA DE NARINO;0.4237;0.8085;0.4746;0.1411;0.2692;0.1580;0.5684;256.5704;0.5131;0.5407
Oficial;MANUEL DEL SOCORRO RODRIGUEZ;0.4636;0.7036;0.4436;0.1544;0.2343;0.1477;0.5364;281.7208;0.5634;0.5499
Oficial;MANUELA AYALA DE GAITAN;0.4020;0.6529;0.4353;0.1339;0.2174;0.1450;0.4962;264.5421;0.5291;0.5127
Oficial;MANUELITA SAENZ;0.4280;0.6034;0.4203;0.1425;0.2009;0.1400;0.4834;276.0000;0.5520;0.5177
Oficial;MARCO FIDEL SUAREZ;0.3800;0.5760;0.4100;0.1265;0.1918;0.1365;0.4549;265.9070;0.5318;0.4933
Oficial;MARIA CANO;0.4123;0.4596;0.3877;0.1373;0.1531;0.1291;0.4195;267.9550;0.5359;0.4777
Oficial;MARIA MERCEDES CARRANZA;0.4779;0.8338;0.4838;0.1592;0.2777;0.1611;0.5979;271.8947;0.5438;0.5709
Oficial;MARIANO OSPINA PEREZ;0.5000;0.8679;0.4929;0.1665;0.2890;0.1641;0.6196;263.7302;0.5275;0.5735
Oficial;MARRUECOS Y MOLINOS;0.4500;0.6763;0.4438;0.1499;0.2252;0.1478;0.5228;262.8354;0.5257;0.5242
Oficial;MONTEBELLO;0.4694;0.4408;0.3735;0.1563;0.1468;0.1244;0.4275;283.3250;0.5667;0.4971
Oficial;MORISCO;0.3824;0.6618;0.4397;0.1273;0.2204;0.1464;0.4941;292.3053;0.5846;0.5394
Oficial;NESTOR FORERO ALCALA;0.4259;0.5667;0.4185;0.1418;0.1887;0.1394;0.4699;282.0230;0.5640;0.5170
Oficial;NIDYA QUINTERO DE TURBAY;0.4516;0.7161;0.4516;0.1504;0.2385;0.1504;0.5392;278.6809;0.5574;0.5483
Oficial;NUEVA CASTILLA;0.3984;0.5203;0.4016;0.1327;0.1733;0.1337;0.4397;253.4917;0.5070;0.4733
Oficial;NUEVA CONSTITUCION;0.4107;0.6107;0.4143;0.1368;0.2034;0.1380;0.4781;241.7353;0.4835;0.4808
Oficial;NUEVA DELHI;0.4800;0.6840;0.4400;0.1598;0.2278;0.1465;0.5341;266.9565;0.5339;0.5340
Oficial;OEA;0.4737;0.8053;0.4737;0.1577;0.2682;0.1577;0.5836;283.7083;0.5674;0.5755
Oficial;ORLANDO FALS BORDA;0.4615;0.6231;0.4231;0.1537;0.2075;0.1409;0.5021;254.4486;0.5089;0.5055
Oficial;ORLANDO HIGUITA ROJAS;0.4779;0.7809;0.4662;0.1592;0.2600;0.1552;0.5744;257.3054;0.5146;0.5445
Oficial;PABLO DE TARSO;0.3906;0.6469;0.4313;0.1301;0.2154;0.1436;0.4891;253.1589;0.5063;0.4977
Oficial;PALERMO IEDIP;0.4403;0.6179;0.4313;0.1466;0.2058;0.1436;0.4960;273.8843;0.5478;0.5219
Oficial;PATIO BONITO II;0.4516;0.7258;0.4613;0.1504;0.2417;0.1536;0.5457;261.9245;0.5238;0.5348
Oficial;PAULO FREIRE;0.4653;0.7056;0.4556;0.1549;0.2350;0.1517;0.5416;259.7738;0.5195;0.5306
Oficial;PAULO VI;0.5000;0.8217;0.4739;0.1665;0.2736;0.1578;0.5980;265.1010;0.5302;0.5641
Oficial;POLICARPA SALAVARRIETA;0.4889;0.7622;0.4689;0.1628;0.2538;0.1561;0.5728;261.9439;0.5239;0.5483
Oficial;PROSPERO PINZON;0.4898;0.8633;0.4918;0.1631;0.2875;0.1638;0.6144;267.6769;0.5354;0.5749
Oficial;PROVINCIA DE QUEBEC;0.4000;0.6000;0.4200;0.1332;0.1998;0.1399;0.4729;258.3095;0.5166;0.4947
Oficial;QUIROGA ALIANZA;0.4576;0.7322;0.4542;0.1524;0.2438;0.1513;0.5475;273.4516;0.5469;0.5472
Oficial;RAFAEL BERNAL JIMENEZ;0.4545;0.7636;0.4667;0.1514;0.2543;0.1554;0.5611;279.6456;0.5593;0.5602
Oficial;RAFAEL NUNEZ;0.5000;0.8700;0.4900;0.1665;0.2897;0.1632;0.6194;268.3542;0.5367;0.5780
Oficial;RAFAEL URIBE URIBE;0.4549;0.6279;0.4303;0.1515;0.2091;0.1433;0.5039;260.4333;0.5209;0.5124
Oficial;RAMON DE ZUBIRIA;0.4490;0.5510;0.4122;0.1495;0.1835;0.1373;0.4703;247.5732;0.4951;0.4827
Oficial;REINO DE HOLANDA;0.4677;0.7290;0.4548;0.1558;0.2428;0.1515;0.5500;247.7941;0.4956;0.5228
Oficial;REINO UNIDO DE HOLANDA;0.4750;0.6750;0.4350;0.1582;0.2248;0.1449;0.5278;259.9765;0.5200;0.5239
Oficial;REPUBLICA DE CHINA;0.4615;0.5712;0.4096;0.1537;0.1902;0.1364;0.4803;278.0866;0.5562;0.5182
Oficial;REPUBLICA DE GUATEMALA;0.4419;0.6279;0.4326;0.1471;0.2091;0.1440;0.5003;279.5093;0.5590;0.5296
Oficial;REPUBLICA DE MEXICO;0.4740;0.6750;0.4427;0.1578;0.2248;0.1474;0.5300;259.8504;0.5197;0.5249
Oficial;REPUBLICA DE PANAMA;0.4576;0.6559;0.4356;0.1524;0.2184;0.1451;0.5159;260.0667;0.5201;0.5180
Oficial;REPUBLICA DE VENEZUELA;0.4762;0.3429;0.3524;0.1586;0.1142;0.1173;0.3901;275.2750;0.5506;0.4703
Oficial;RESTREPO MILLAN;0.4632;0.5559;0.4000;0.1543;0.1851;0.1332;0.4726;273.4253;0.5469;0.5097
Oficial;RICAURTE;0.4500;0.6300;0.4300;0.1499;0.2098;0.1432;0.5028;269.8190;0.5396;0.5212
Oficial;RODRIGO LARA BONILLA;0.4417;0.6300;0.4300;0.1471;0.2098;0.1432;0.5001;254.0870;0.5082;0.5041
Oficial;SAN BERNARDINO;0.4107;0.2250;0.3071;0.1368;0.0749;0.1023;0.3140;255.8515;0.5117;0.4128
Oficial;SAN CRISTOBAL SUR;0.4565;0.6652;0.4420;0.1520;0.2215;0.1472;0.5207;256.9449;0.5139;0.5173
Oficial;SAN FRANCISCO;0.4449;0.8079;0.4748;0.1481;0.2690;0.1581;0.5753;261.6503;0.5233;0.5493
Oficial;SAN JOSE;0.4767;0.7116;0.4442;0.1588;0.2370;0.1479;0.5436;277.5429;0.5551;0.5494
Oficial;SAN JOSE NORTE;0.4667;0.7800;0.4700;0.1554;0.2597;0.1565;0.5717;319.5098;0.6390;0.6053
Oficial;SAN JOSE SURORIENTAL;0.4500;0.5400;0.3950;0.1499;0.1798;0.1315;0.4612;240.0154;0.4800;0.4706
Oficial;SAN MARTIN DE PORRES;0.4918;0.6492;0.4344;0.1638;0.2162;0.1447;0.5246;233.0526;0.4661;0.4954
Oficial;SAN PEDRO CLAVER;0.4661;0.6559;0.4356;0.1552;0.2184;0.1451;0.5187;277.5478;0.5551;0.5369
Oficial;SAN RAFAEL;0.4647;0.5506;0.4071;0.1547;0.1833;0.1356;0.4736;268.2806;0.5366;0.5051
Oficial;SANTA LIBRADA;0.4667;0.7500;0.4533;0.1554;0.2498;0.1510;0.5561;255.2769;0.5106;0.5333
Oficial;SANTA MARTHA;0.5000;0.5786;0.4054;0.1665;0.1927;0.1350;0.4941;280.0465;0.5601;0.5271
Oficial;SILVERIA ESPINOSA DE RENDON;0.4280;0.4752;0.3872;0.1425;0.1582;0.1289;0.4297;276.6288;0.5533;0.4915
Oficial;SIMON BOLIVAR;0.4635;0.7969;0.4719;0.1544;0.2654;0.1571;0.5769;252.4242;0.5048;0.5409
Oficial;TABORA;0.4237;0.4737;0.3898;0.1411;0.1578;0.1298;0.4287;283.1185;0.5662;0.4975
Oficial;TECNICO MENORAH;0.4625;0.8325;0.4800;0.1540;0.2772;0.1598;0.5911;286.1043;0.5722;0.5816
Oficial;TENERIFE;0.4250;0.4275;0.3700;0.1415;0.1424;0.1232;0.4071;265.3108;0.5306;0.4689
Oficial;TIBABUYES UNIVERSAL;0.4444;0.4548;0.4087;0.1480;0.1514;0.1361;0.4355;267.5161;0.5350;0.4853
Oficial;TOM ADAMS;0.4494;0.5764;0.4146;0.1497;0.1919;0.1381;0.4797;272.8467;0.5457;0.5127
Oficial;TOMAS CIPRIANO DE MOSQUERA;0.4154;0.5954;0.4200;0.1383;0.1983;0.1399;0.4764;257.2698;0.5145;0.4955
Oficial;USAQUEN;0.4097;0.7375;0.4556;0.1364;0.2456;0.1517;0.5337;282.4224;0.5648;0.5493
Oficial;USME;0.4839;0.8710;0.4903;0.1611;0.2900;0.1633;0.6144;281.8230;0.5636;0.5890
Oficial;VEINTIUN ANGELES;0.4444;0.6133;0.4252;0.1480;0.2042;0.1416;0.4938;272.0058;0.5440;0.5189
Oficial;VILLA AMALIA;0.4189;0.3649;0.3757;0.1395;0.1215;0.1251;0.3861;266.5119;0.5330;0.4596
Oficial;VILLA ELISA;0.4821;0.3214;0.3500;0.1606;0.1070;0.1166;0.3841;263.8786;0.5278;0.4559
Oficial;VILLA RICA;0.4355;0.5806;0.4194;0.1450;0.1934;0.1396;0.4780;277.7449;0.5555;0.5168
Oficial;VIRGINIA GUTIERREZ DE PINEDA;0.4583;0.7250;0.4500;0.1526;0.2414;0.1499;0.5439;259.3929;0.5188;0.5313
